Series ID,State,1939,1940,1941,1942,1943,1944,1945,1946,1947,1948,1949,1950,1951,1952,1953,1954,1955,1956,1957,1958,1959,1960,1961,1962,1963,1964,1965,1966,1967,1968,1969,1970,1971,1972,1973,1974,1975,1976,1977,1978,1979,1980,1981,1982,1983,1984,1985,1986,1987,1988,1989,1990,1991,1992,1993,1994,1995,1996,1997,1998,1999,2000,2001,2002,2003,2004,2005,2006,2007,2008,2009,2010,2011,2012,2013
SMU01000000000000001,Alabama,405.3,427.7,500.8,608.3,632.7,618.4,579.3,561.8,610.3,629.1,604.5,619.6,662.8,681.4,692.7,678,702.9,734.7,754.8,742.3,764.4,776.4,774.6,791.8,812.5,843.8,886.5,935.6,951.8,970.1,"1,000.2","1,010.4","1,021.9","1,072.3","1,135.5","1,169.8","1,155.4",1207,"1,269.2","1,336.5",1362,"1,356.1","1,347.6","1,312.5","1,328.8","1,387.7","1,427.1","1,463.3","1,507.7","1,558.7","1,601.2","1,635.8",1642,"1,674.4","1,716.8","1,758.5","1,803.7","1,828.6","1,866.2","1,898.1","1,919.5","1,931.2","1,908.7","1,883.2","1,875.6","1,901.7","1,944.9","1,979.6","2,005.7","1,992.1","1,886.5","1,870.8",1870,"1,885.2","1,903.4"
SMU02000000000000001,Alaska,,,,,,,,,,,,,,,,,,,,,,56.5,57,58.9,62.1,65.4,70.5,73.1,76.8,79.9,86.8,93.1,97.8,103.5,109.9,127.8,161.9,171.7,163.3,163.5,166.9,169.4,186.1,200.4,214.3,225.7,230.7,220.7,210.1,213.7,227,237.1,241.7,246.2,251.8,258.3,261,262.6,267.7,274,278.1,283.1,288.3,293.8,298.2,303.3,308.8,313.9,316.9,321.2,319.9,324.1,329.5,334.6,335.8
SMU04000000000000001,Arizona,95.5,100.7,111.2,135.2,144.7,140.6,136.5,135.6,145.8,154.8,153.8,161.6,180.7,197.4,207.6,209.1,226,251.2,272.7,286.9,309,333.8,347.1,364.8,377.3,389.3,403.7,434.8,445.5,473.4,517.2,547.4,581.3,646.2,714.4,745.9,729,758.8,809.4,895.4,980,1014,"1,040.8","1,029.8","1,077.8","1,181.9","1,278.6","1,337.8","1,385.8","1,419.3","1,454.5","1,483.1","1,491.2","1,517.1","1,584.4",1692,"1,793.4","1,892.3","1,984.6","2,074.7","2,163.1","2,242.9","2,265.9","2,267.5","2,299.2","2,384.6","2,512.7","2,639.3","2,679.4","2,622.5","2,432.6","2,386.1","2,412.1","2,463.5","2,515.2"
SMU05000000000000001,Arkansas,197.9,201.3,230.8,281,280.7,268,273,270.5,286.2,294.2,287.9,298.3,318.9,323.2,319.6,311.4,321.1,333.1,337.5,343.7,359.6,367.6,378,399.7,416.3,431.8,458.8,489.8,501,514.6,533.8,536.2,551,581.5,614.5,640.7,623.8,659.9,695.5,732.7,749.5,742.3,740.1,720.1,741.3,780.2,797.1,813.8,836.6,865.4,893.4,923.9,936.6,963.1,993.9,"1,034.1","1,069.6",1087,"1,104.7","1,122.2","1,141.8","1,158.6","1,153.7","1,146.3","1,145.1","1,158.1","1,177.9","1,198.6","1,204.5","1,202.5","1,164.9",1163,"1,170.1","1,176.5","1,177.4"
SMU06000000000000001,California,1812,"1,931.7","2,264.9","2,689.7","3,083.6","3,116.4","2,961.3","2,972.6",3080,"3,162.8","3,088.1","3,209.4","3,518.3","3,737.8","3,880.7","3,866.1","4,082.9","4,352.3","4,525.2","4,498.6","4,774.8",4896,"4,996.1","5,217.7","5,412.3","5,606.5","5,800.3","6,145.2","6,367.6","6,642.1","6,931.5","6,946.2",6917,"7,209.9","7,621.9","7,834.3","7,847.2","8,154.2","8,599.7","9,199.8","9,665.7","9,853.3","9,993.2","9,821.7","9,932.6","10,408.3","10,791.5","11,110.6","11,501.2","11,943.6","12,274.1","12,538.7","12,406.4","12,208.7","12,097.1","12,215.1",12481,"12,809.8","13,207.6",13695,"14,101.3","14,590.2","14,716.3","14,590.7","14,557.8","14,723.4","15,011.9",15284,"15,410.8","15,240.6","14,371.5","14,210.4","14,358.2","14,706.3","15,147.4"
SMU08000000000000001,Colorado,233.5,238.3,260.2,307.8,307.9,291.5,296,314.8,338,348,341.5,361.3,397.3,416.5,421.4,416.1,436.8,456.9,475.5,475.9,497.6,521,542.9,557.5,571.8,583.2,599,631.3,655.9,686.7,720.8,750.2,787.1,869.4,936,959.7,963.5,"1,003.4","1,058.1","1,149.9",1218,"1,251.1","1,295.2","1,316.6","1,327.2","1,402.3","1,418.7","1,408.3","1,412.6","1,436.1","1,482.3","1,520.9",1545,1597,"1,670.7",1756,"1,834.7","1,900.9","1,980.2","2,057.6","2,132.6","2,213.9","2,226.8","2,184.2","2,152.8","2,179.6",2226,"2,279.1","2,331.3","2,350.3","2,245.6","2,222.3","2,258.6",2313,"2,381.1"
SMU09000000000000001,Connecticut,558.7,604.5,712.5,774.2,799.3,754.4,688.7,714.9,773.8,775.9,730,766.1,828.7,847.6,880.4,860.3,874.8,913.4,921.7,873.3,897.9,915.4,922.7,949.8,969.3,991.2,"1,032.9","1,095.4","1,130.1",1158,"1,194.1","1,197.5","1,164.3","1,190.4","1,238.7",1264,"1,223.4","1,239.7","1,282.3","1,346.1",1398,"1,426.9","1,438.3","1,428.5","1,444.2","1,517.3","1,558.2","1,598.4","1,638.2","1,667.4","1,665.6","1,619.5",1557,"1,526.3","1,531.2","1,543.8","1,561.5","1,582.5","1,607.7","1,643.4","1,669.1","1,693.2","1,681.1","1,664.9","1,644.5","1,649.8",1662,"1,680.6","1,698.2",1699,"1,626.6",1608,"1,625.1","1,640.4","1,654.7"
SMU10000000000000001,Delaware,76,82.7,93,100.3,107.6,103.8,97.8,104.3,110.7,114.8,113.5,121,129.3,134.3,139.3,135.3,143.6,156.4,154.2,148.9,151.5,153.9,152,156.4,163.6,170.8,184.1,193.2,197.4,202.9,211.9,216.8,224.9,232.4,239.4,233.1,229.9,236.7,238.8,247.8,256.7,259.2,259.2,259.2,266.1,280,293.3,303.2,320.7,334.2,344.5,347.5,341.8,341.3,348.7,355.9,366.3,376.3,387.9,400.3,413.2,420.5,420.1,415.4,415.7,425.1,432.9,438.1,438.9,436.8,416.6,413.8,417.1,419.5,427.4
SMU12000000000000001,Florida,390.5,424.5,474.6,516.8,583.1,582.6,562.3,593.4,641.4,657.9,657.3,704.4,759.7,808.8,848.8,882.7,966,"1,060.1","1,152.7","1,185.6","1,273.1","1,320.6","1,333.9","1,387.8","1,447.3","1,526.5","1,619.1","1,726.8","1,816.4","1,932.3","2,069.9","2,152.1","2,276.3","2,513.1","2,778.6","2,863.8","2,746.4","2,784.3","2,933.4","3,180.6","3,381.2","3,576.2",3736,"3,761.9","3,905.4","4,204.2",4410,"4,599.4","4,848.1","5,066.6","5,260.9","5,363.3","5,273.8","5,337.3","5,549.5","5,776.8","5,972.8","6,159.4","6,395.3","6,611.2","6,801.2",7054,"7,143.5","7,151.8","7,232.6",7481,"7,781.1","7,982.9","7,998.3","7,714.9","7,232.3","7,172.9","7,251.9","7,396.7","7,579.2"
SMU13000000000000001,Georgia,526.7,553.5,637.3,701.8,760.2,753.1,725.4,732.1,759.4,779.3,769.6,806.6,872.3,905,929.7,915,959.6,994.2,997.5,989.1,1030,"1,051.1","1,050.7","1,092.7","1,139.6","1,186.8","1,257.2","1,337.9","1,394.8","1,455.7","1,531.7","1,557.5","1,602.9","1,695.2","1,802.5","1,827.5","1,755.7","1,839.2","1,926.5","2,050.1","2,127.5","2,159.4","2,198.7","2,201.5","2,279.5","2,448.7","2,569.8","2,672.4",2782,"2,875.9","2,941.1","3,026.6","2,975.9","3,029.2","3,143.6","3,299.9","3,435.6","3,559.9","3,645.8","3,771.5",3885,3979,"3,971.4","3,897.2","3,870.3","3,923.3","4,025.1","4,111.7","4,167.2","4,123.1","3,900.9","3,861.2","3,901.4","3,954.9","4,033.4"
SMU15000000000000001,Hawaii,,,,,,,,,,,,,,,,,,,,164.8,177.1,188.8,193.8,195.3,199.6,207.8,219.4,232.1,241.7,255.4,275.8,293.7,301.5,312.7,327.5,335.9,342.8,349.2,359.4,377.3,394,404.1,404.8,399.4,406.2,412.7,425.8,438.6,460,478.1,505.5,528.4,539.1,542.8,538.8,536.1,532.9,530.7,531.6,531.3,535,551.4,555,556.8,567.6,583.4,601.6,617.1,624.9,619.2,591.5,586.9,593.4,606.3,617.6
SMU16000000000000001,Idaho,84.4,88.9,96.2,107,102.2,102.1,102.9,114.4,122.6,125,126.2,131.6,138.7,137.8,135.8,133.4,138.5,145.4,148,150.8,154.9,155.2,159.1,164.6,164.7,168.6,177.6,184.8,187.7,192.9,201.4,207.9,217.2,236.5,251.7,266.8,273,291.1,307.4,331.3,338,330,327.8,312.2,317.9,330.5,336,328.2,333.4,348.6,365.8,385.4,397.5,414.5,433.4,458.7,475.3,489,505.5,521.3,538.9,559.6,567.7,568.2,572,587.9,611.3,638.4,654.9,648.8,609.9,603.6,610.8,622.3,638.3
SMU17000000000000001,Illinois,,,,,,,,,"3,181.1","3,223.4","3,103.1","3,175.2","3,312.6","3,367.2","3,461.6","3,333.2","3,426.8","3,555.4","3,575.3",3427,"3,516.1","3,537.9","3,502.5","3,572.6","3,614.4","3,712.2","3,880.4","4,095.4","4,209.7","4,284.9","4,376.1","4,345.6","4,296.4","4,314.8",4467,"4,545.7","4,418.9",4565,"4,655.5","4,788.8",4880,"4,850.3","4,732.3","4,593.3","4,530.6","4,672.3","4,755.3","4,790.7","4,928.3","5,097.5","5,213.9","5,287.6","5,233.2","5,234.8","5,330.4",5463,"5,593.2","5,684.6","5,771.4","5,898.6","5,958.5","6,044.8","5,995.2","5,883.9","5,810.8","5,815.9","5,861.9","5,932.7","5,980.3","5,949.4","5,657.4","5,612.7","5,676.6","5,749.8",5797
SMU18000000000000001,Indiana,817.4,875.4,1026,"1,120.6","1,197.5","1,169.9","1,100.5","1,108.1","1,194.2","1,226.9","1,187.7","1,272.4","1,353.1","1,360.4","1,422.4","1,319.9","1,377.4","1,405.8","1,408.1",1333,1397,"1,431.4","1,408.4","1,461.4","1,498.7","1,545.7","1,631.1","1,737.2",1777,"1,817.4","1,880.3",1849,"1,841.1","1,921.9","2,028.1","2,031.4","1,941.7","2,023.8",2114,"2,205.5","2,236.3","2,129.5","2,114.5","2,028.1","2,029.5","2,122.3","2,168.6","2,221.8","2,304.9","2,395.6","2,479.3","2,522.1","2,507.8","2,555.1","2,628.1","2,714.2","2,788.3","2,816.5",2861,2920,"2,973.1","3,003.5","2,937.2","2,907.3","2,902.2","2,933.7","2,960.3","2,979.2","2,991.5","2,962.8",2793,"2,802.7",2848,2901,"2,933.3"
SMU19000000000000001,Iowa,429.7,441.5,476.7,497.8,515.6,513.1,508.2,535.5,574.7,594,591.6,608.6,630.7,629.3,631.3,619.2,632.7,649.1,653.3,646.4,673.7,680.2,678.6,685.2,699.9,718.4,752.3,803.9,832.9,852.1,873.4,876.9,882.8,912.3,961.3,999,998.7,"1,036.9","1,079.2","1,119.2","1,131.7","1,109.9","1,088.6","1,041.9","1,040.4","1,074.7","1,074.2","1,073.8","1,109.1","1,156.2","1,200.1","1,226.4","1,238.2","1,252.6","1,278.5","1,319.9","1,358.1","1,383.4",1407,"1,442.8","1,468.6","1,478.5","1,465.6","1,447.3","1,440.4","1,457.3","1,480.5","1,504.2","1,519.1","1,524.4",1479,"1,469.3","1,486.2","1,508.8","1,529.6"
SMU20000000000000001,Kansas,296,307,345.6,421.4,471.4,457,421.9,403,427,443.2,448.3,464.4,511.8,539,545.2,542.4,545.1,551.8,556,547.7,560.3,560.3,562.5,573.5,574.2,587.3,600.4,634.3,652.8,672.1,686.5,678.8,677.9,717.5,763.3,790,801.2,834.8,871,912.5,946.8,944.7,949.8,921.4,921.5,960.8,967.9,984.8,"1,005.1","1,035.4","1,064.2","1,091.9","1,096.7","1,116.4","1,134.8","1,167.3","1,199.6","1,228.3",1270,"1,314.2","1,328.4","1,346.1","1,348.8","1,336.1","1,313.2",1325,"1,333.1","1,353.9","1,380.1","1,390.8","1,343.3","1,328.6","1,339.3","1,357.1","1,372.9"
SMU21000000000000001,Kentucky,382.5,401.7,442,477.8,481,475.2,466.4,487.4,529.6,548.1,528.2,547.8,598.9,619.6,631.2,598.7,620.2,649,656.7,623.5,631.7,653.6,648,673.7,702.9,721.7,758.9,804,836.5,868.6,895.5,910,931.6,988.3,"1,038.6","1,065.9","1,057.6","1,103.1","1,148.2","1,209.9","1,245.3",1210,"1,196.4","1,160.7","1,152.3","1,213.8","1,250.4","1,274.1","1,328.2","1,381.9",1433,"1,470.6","1,474.8","1,508.6","1,547.8","1,597.2","1,642.8","1,671.7","1,711.2","1,752.8","1,795.5","1,827.1","1,805.4","1,788.8","1,783.3","1,798.6","1,824.5","1,846.8","1,866.7","1,851.7","1,769.3","1,769.6","1,793.4","1,821.3",1835
SMU22000000000000001,Louisiana,410.1,434.4,489.2,531.8,579.3,571.7,540.5,543.5,592.4,617.9,623.2,636.2,669.5,684.4,711.4,708.9,725.5,771.5,802.6,782.6,789,783,774,790.1,810.3,849.3,898.4,957.9,997.2,"1,020.5","1,032.8","1,033.6","1,055.9","1,128.6","1,176.1","1,220.8","1,249.5","1,314.4","1,364.6","1,463.5","1,517.4","1,578.9","1,630.5",1607,"1,565.2","1,601.5","1,591.2","1,518.5","1,483.6","1,511.6","1,538.5","1,587.7","1,610.8","1,624.8","1,656.5","1,719.9","1,770.2","1,807.5","1,847.8","1,887.3",1894,"1,917.7","1,915.4","1,895.6","1,905.5","1,917.5","1,891.8","1,853.2","1,915.5","1,937.5","1,901.2","1,884.7","1,901.7","1,925.6",1951
SMU23000000000000001,Maine,212.3,216.5,251.8,287.2,297.1,282.2,258.4,259.8,262.8,265.5,252.1,253.9,271.8,276.4,275.5,270.3,275.1,279.4,273.6,265.1,273.3,277.5,277.1,279.5,279.6,285.1,295.4,309.3,316.9,323.2,330.1,332.2,332.3,343.7,354.8,361.5,356.9,375.3,387.8,405.5,415.9,418.3,419.3,415.5,425.1,445.7,458.4,477.4,501.1,527.1,541.9,535,513.5,511.9,519.4,531.6,538.1,542.4,553.7,569.1,586.3,603.5,608.1,606.5,606.8,611.7,611.7,614.7,617.7,617.2,596.3,593,594.7,598.1,601.7
SMU24000000000000001,Maryland,490.1,529,620.9,713.5,760.3,707.2,650.5,648.9,672.3,696.2,684.7,715.2,768.2,791.9,813.7,801.5,834.2,869.1,880.6,853.8,874.5,894.7,908.6,946.7,978.7,"1,009.6","1,057.5","1,132.1","1,178.5","1,223.8","1,272.4","1,349.2","1,371.5",1415,"1,471.5","1,493.6","1,479.3","1,498.3","1,545.5","1,625.5","1,691.4",1712,"1,715.8","1,675.6","1,723.8",1814,"1,887.8",1952,2028,"2,102.3","2,155.2","2,173.2","2,102.5","2,083.6","2,104.5","2,147.7","2,184.4","2,213.3","2,269.1","2,325.7","2,391.8","2,455.1","2,471.5",2480,"2,486.5","2,517.1","2,554.9","2,588.5","2,607.3","2,598.7","2,522.3","2,516.7","2,542.7","2,574.4","2,596.1"
SMU25000000000000001,Massachusetts,"1,367.6","1,424.4","1,586.6","1,675.3","1,755.1","1,701.2","1,643.2","1,697.2","1,727.2","1,756.5","1,707.7","1,757.1",1819,"1,806.1","1,841.1",1788,"1,814.5",1860,"1,864.6",1817,"1,880.7","1,901.1","1,911.1","1,942.7","1,943.2","1,958.1","2,015.8","2,097.4","2,147.9","2,187.9","2,249.4","2,243.5","2,211.4","2,251.7","2,333.4","2,353.8","2,273.1","2,323.5","2,416.1","2,526.3","2,603.5","2,654.3","2,671.8",2642,"2,696.5","2,855.8","2,931.2","2,992.1","3,071.2","3,138.2","3,118.2","2,987.7","2,824.2","2,798.2","2,843.2","2,906.7",2980,"3,039.4","3,113.9",3184,3247,"3,334.6","3,345.9","3,267.7","3,209.2","3,207.5","3,225.7","3,261.3","3,299.1","3,311.2","3,204.8","3,217.9","3,256.7","3,309.5",3356
SMU26000000000000001,Michigan,,,,,,,,,,,,,,,,,,"2,477.8","2,443.7","2,203.1","2,296.7","2,349.8","2,244.9","2,334.9","2,410.4","2,512.9","2,685.3",2861,"2,900.5","2,959.7","3,081.1","2,999.1",2995,"3,118.9","3,284.4","3,277.7","3,136.6",3283,"3,442.3","3,609.4","3,637.1","3,442.8","3,364.4","3,193.3","3,223.1",3381,"3,561.5","3,657.3","3,735.8","3,819.3","3,922.4","3,946.4","3,884.2","3,918.6","3,998.7","4,141.3","4,268.5","4,352.4","4,438.7","4,513.6","4,584.7","4,676.4","4,563.7","4,486.9","4,415.9",4399,"4,389.7","4,326.5","4,267.8","4,162.1","3,870.5","3,863.3","3,951.8","4,033.3","4,104.5"
SMU27000000000000001,Minnesota,,,,,,,,,,,,802.3,835,842.9,873.6,862,881.1,908.4,919.9,907.7,931.6,958.7,956.6,984.5,"1,001.7",1028,"1,080.6","1,148.3","1,199.8","1,243.4","1,299.8","1,315.3","1,310.2","1,357.1","1,436.1",1481,"1,474.4","1,520.9","1,597.3","1,689.3",1767,"1,770.2","1,761.3","1,707.3","1,718.4","1,819.8","1,865.5","1,892.5","1,962.5","2,028.1","2,086.8","2,135.9",2146,"2,194.2","2,251.9","2,319.6","2,387.8","2,442.5",2500,"2,564.3","2,622.3","2,684.9","2,689.5","2,664.5","2,660.3",2681,"2,723.3","2,758.2","2,771.3",2763,"2,655.1","2,641.3","2,688.6","2,730.8","2,777.2"
SMU28000000000000001,Mississippi,203,213.2,245.8,276.7,286.5,279.4,268.1,280.3,291.2,302.6,296.7,311.6,333.7,339.6,344.1,339.5,354,364.4,366.9,381.3,397.2,404,408.7,425.7,443.8,460.2,486.6,521.6,535.1,551.9,573,583.9,602.2,649.3,693.2,710.8,692.3,727.5,765.9,813.7,838.1,829.3,819.1,790.9,792.8,820.8,838.9,848.2,864.4,896.2,919.3,937.8,938.8,961.5,"1,003.5","1,056.9","1,075.8","1,090.3","1,108.4","1,135.2","1,154.7",1155,"1,131.4","1,125.1","1,116.4","1,126.1","1,131.7","1,142.6","1,154.2",1149,"1,097.6","1,092.5","1,092.9","1,102.3","1,111.9"
SMU29000000000000001,Missouri,838.7,866.6,975,"1,053.1","1,104.1","1,071.7","1,058.8","1,085.9","1,141.3","1,167.4","1,147.6","1,190.2","1,262.5","1,294.1",1314,"1,272.7","1,292.1","1,319.7","1,327.9","1,303.6","1,338.6","1,350.1","1,332.5","1,357.3","1,383.6","1,418.4","1,478.3","1,554.2","1,595.6","1,631.3","1,672.2","1,668.1","1,660.9","1,700.1","1,770.8","1,789.3","1,740.6","1,797.8","1,861.9","1,953.2","2,011.2","1,969.8","1,956.5","1,922.5",1937,"2,032.7","2,094.7","2,142.6","2,197.8","2,258.9",2315,2345,"2,309.1","2,333.7","2,394.3","2,470.6",2521,"2,567.6","2,639.5","2,684.3",2727,2749,2731,"2,699.8","2,681.7",2696,"2,737.3","2,776.7","2,797.8","2,793.2","2,689.7","2,658.4","2,666.7",2690,"2,729.8"
SMU30000000000000001,Montana,108.1,113.6,118.5,119.2,116.5,115.5,115.4,125.6,136.8,143.7,145.4,147.2,149.2,153.4,154.7,155.5,160.3,166.5,162.8,160.5,163.2,165,165.2,169.8,172.7,174.3,179.3,184.7,188,192.6,195.6,199.1,204.8,215.4,224.2,234,238.2,251.1,264.9,280.4,283.9,280.4,281.9,273.7,276,281.1,279.1,275.4,274.1,282.9,291,297.3,303.7,316.6,325.7,340.4,351.6,361.8,367,375.7,383.5,391.2,391.4,395.7,400.3,410.8,420.3,434.1,444.1,444.8,428.9,428.1,431.1,440.3,448.8
SMU31000000000000001,Nebraska,223.6,223.5,237.7,271.1,289.7,289.8,287.4,283,304.4,316.6,314.9,322.3,336.9,347.7,352.3,351.7,358.2,360,359.3,360.1,372.4,384.4,390.5,396.4,401.9,408.9,418.7,434.2,449.3,458.9,474.4,484.3,490.9,517,541.3,562.1,557.8,572.1,593.7,610.1,631.2,627.6,623.2,609.8,610.8,635.4,650.5,652.5,667.2,688.1,708,731,740.8,752.3,769.6,799.1,820.3,839,858,879.9,896.1,913.1,919.5,911,913.7,921.3,934,945.5,961.7,969.5,949.3,945.1,952.6,968.8,978.3
SMU32000000000000001,Nevada,34.8,37.5,41.8,58.5,55.8,48.9,48.1,53.1,53.6,53.1,51.4,53.8,58.6,66.1,72,76.1,84.3,85.7,88.2,88.2,95.9,103.3,109.7,126.9,142.7,149.4,157.3,162,166.1,177.3,193.5,203.2,210.5,223.5,244.6,256,263.1,279.8,308.2,350.2,383.7,399.9,411.1,401.1,402.8,426,446.4,468.1,500.2,537.6,581,621,628.6,638.7,671.5,738.1,786.1,842.9,890.7,925.9,983,"1,026.9","1,051.4",1052,"1,088.3","1,152.7",1223,"1,279.6","1,292.5","1,263.6","1,148.3","1,117.8","1,125.7","1,144.8","1,175.7"
SMU33000000000000001,New Hampshire,147.7,148.8,163.6,161.7,150.3,148,148.9,163.4,170.3,174.6,165.7,170.3,177,177.9,177.9,177.1,183.6,187,188.9,187.7,196.1,200.7,201.9,207.9,208.8,212.8,220.8,235.2,244,251.8,259.2,258.5,259.9,278.5,297.8,300.3,292.8,313.4,337.1,359.7,378.5,385.4,394.6,394.4,409.5,441.6,466.1,490.1,512.8,529,529.1,508,482,486.9,502.4,523,539.6,553.5,570.1,588.9,605.7,621.9,627.1,618.2,617.7,627.2,636.5,643,648.1,649.6,628.4,624.8,628.4,634.8,640.1
SMU34000000000000001,New Jersey,"1,247.1","1,314.3","1,501.1","1,641.9","1,736.6","1,693.8","1,572.8","1,561.8","1,622.4","1,657.1","1,595.6","1,656.8","1,767.9","1,804.1","1,850.3","1,820.8","1,865.3","1,933.2","1,968.3","1,911.8","1,970.9","2,017.1","2,033.6","2,095.8","2,129.4","2,168.7","2,256.5","2,359.1","2,421.5","2,485.2","2,569.6","2,606.2","2,607.6","2,672.5","2,759.7",2783,"2,699.9","2,753.7","2,836.9","2,961.9","3,027.2","3,060.4","3,098.9","3,092.7","3,165.1","3,329.2","3,414.1","3,488.1","3,576.3",3651,"3,689.8","3,635.1","3,498.7","3,457.9",3493,"3,552.8","3,600.6","3,638.9","3,724.5","3,801.3","3,901.1","3,994.5","3,996.8","3,983.5","3,977.1","3,997.8","4,038.2","4,069.5","4,076.9","4,048.2","3,893.9","3,848.4","3,847.5","3,890.8","3,934.8"
SMU35000000000000001,New Mexico,79.5,83.9,91,98.5,99.8,101.2,105.9,115.1,122.7,134.3,140.9,151.7,161.1,171.4,179.4,175.3,182.9,197.8,210.3,220.7,233.5,236.3,236.2,242.6,248.6,255.7,262.5,271.7,272.6,276.6,287.5,292.6,305.7,327.5,346,360.2,370.2,390,415.4,444.3,461,465.4,475.5,473.6,479.5,502.7,520.2,525.9,529.3,547.5,562.2,580.4,585.4,601.5,626.2,657.3,682.4,694.6,708.5,720,729.7,744.8,757.2,766.1,775.6,790.4,808.7,832.2,843.7,846.8,812.4,803.1,803.2,806.7,811.3
SMU36000000000000001,New York,"4,130.9","4,324.7","4,735.4","4,997.7","5,226.1","5,182.8","5,061.3","5,324.8","5,518.2","5,596.1","5,472.5",5576,"5,755.4","5,827.7","5,935.7","5,828.3","5,917.2","6,092.6",6179,"6,027.2","6,128.1","6,181.9","6,157.7","6,261.4","6,273.7","6,370.7","6,518.7","6,709.5","6,858.3","7,001.7",7182,"7,156.5","7,011.4","7,038.5","7,132.2","7,077.1","6,829.9","6,789.5","6,857.6","7,044.5","7,179.4","7,207.1","7,287.3","7,254.6","7,313.3","7,570.4","7,751.3","7,907.9","8,059.4","8,186.9","8,246.8","8,203.2","7,877.8","7,721.5","7,751.1","7,822.8","7,883.7","7,930.5","8,059.1","8,228.9","8,448.2","8,627.7","8,584.3","8,451.5","8,399.4","8,454.5","8,526.7","8,608.2","8,723.9","8,782.6","8,545.6","8,556.8","8,678.1","8,797.9","8,908.5"
SMU37000000000000001,North Carolina,622.7,653.6,736.3,783.5,812.6,779.4,759.3,827.8,879.6,894.9,868.3,927.8,987.3,"1,006.4","1,023.7","1,011.9","1,059.4","1,099.2","1,101.4","1,108.8","1,163.7","1,195.5","1,209.1","1,258.5","1,298.6","1,353.7","1,431.2","1,534.3","1,600.9","1,678.6",1747,"1,782.8","1,813.5",1912,"2,018.1","2,048.2","1,979.8","2,082.8","2,170.6","2,277.5",2373,"2,380.1","2,391.6",2347,"2,419.3","2,565.2","2,651.2","2,744.1","2,862.6","2,986.6","3,073.9","3,127.1","3,081.3","3,144.9","3,246.7","3,354.5","3,453.8","3,538.2","3,654.4","3,759.4","3,849.3","3,915.1",3893,"3,835.1","3,786.9","3,833.8",3912,"4,037.3","4,141.3","4,130.7",3904,"3,869.6","3,916.6","3,986.3","4,056.9"
SMU38000000000000001,North Dakota,72.2,74.2,78.3,78.2,77.3,79.8,81.1,90.2,97.9,103.8,106.8,109.3,109.9,113.6,115.4,117.4,116.3,120.2,121.6,123.2,128.3,126.8,127.1,131.3,136.7,142.6,146.1,148.4,151.5,155.7,157.9,163.7,167.1,176.1,183.9,193.8,203.6,215,221.1,234,244.2,245.2,249.4,249.7,250.7,252.5,252,249.9,252.4,256.8,260.4,265.8,270.6,277.2,284.9,294.8,301.8,308.7,314.1,319.5,323.9,327.7,329.7,329.8,332.6,337.9,344.7,352.2,358.4,367.3,366.7,376,396.6,429,444.3
SMU39000000000000001,Ohio,"1,783.8","1,906.6","2,201.3","2,411.3",2607,2558,"2,417.9","2,532.1","2,708.3","2,785.5","2,654.9",2760,"2,953.4","3,005.7","3,150.3","3,028.4","3,128.9","3,219.7","3,230.6","3,007.2","3,112.5","3,147.3","3,044.3","3,099.2","3,145.2","3,216.3","3,364.3","3,537.3","3,619.8","3,750.8","3,887.3","3,880.7","3,839.6","3,938.3","4,112.9","4,169.4","4,016.2","4,094.6","4,230.1","4,394.9","4,484.8","4,367.4","4,317.7","4,124.3","4,092.5","4,260.2","4,372.9","4,471.5","4,582.6","4,700.6","4,817.5","4,882.3","4,818.6","4,847.7","4,918.3",5076,"5,221.1","5,296.4","5,392.5","5,482.1","5,563.6","5,624.7","5,542.6",5445,"5,397.7","5,408.4","5,426.7","5,435.4","5,426.3","5,359.5","5,068.6","5,030.5","5,097.4","5,189.6","5,252.4"
SMU40000000000000001,Oklahoma,326.3,332.4,358,411.5,447,435.7,424,412.2,437.3,462.8,465.9,476.9,504.3,526.5,535.3,531.4,550.9,563.4,564.4,555,569.2,577.1,582.1,596.7,606.7,619.3,642.5,676,699.6,720.4,748.2,762.5,774.4,812,851.9,886.9,899.7,931.1,971.6,"1,035.7",1088,"1,138.1","1,201.2","1,216.9","1,170.7","1,180.3","1,165.3","1,124.4","1,108.5","1,131.5","1,163.8","1,209.6","1,224.8","1,235.6","1,260.9","1,293.5","1,329.7","1,367.6","1,406.6","1,454.2","1,474.9","1,502.4","1,519.6","1,499.3",1471,"1,487.1","1,525.2","1,565.7","1,594.9","1,618.4","1,567.6",1556,"1,577.7","1,614.1","1,633.1"
SMU41000000000000001,Oregon,258.6,273,312.6,373,420,416.2,384.9,392.5,420,433.4,419.2,438,462,468.4,469,456.6,476.1,492.5,480.3,475.7,498.7,509.7,509.7,528.6,549.5,573.8,608.3,640.4,652.2,679.1,708.7,710.6,728.8,774.7,816.2,838.2,837.3,878.5,936.9,"1,009.2",1056,"1,044.5","1,018.7",961.1,966.7,"1,006.9",1030,"1,058.5","1,100.1","1,152.8","1,205.8","1,255.7","1,253.5","1,276.5","1,317.5","1,372.4","1,428.1","1,484.7","1,536.7","1,562.4","1,585.8","1,617.6","1,605.3","1,585.1","1,574.1","1,606.4","1,654.2","1,703.2",1731,"1,718.1","1,612.2","1,601.7","1,619.8","1,640.1","1,673.7"
SMU42000000000000001,Pennsylvania,"2,701.5","2,893.5","3,241.1","3,445.7","3,514.9","3,443.5","3,335.3","3,427.3","3,673.5","3,726.7","3,555.9","3,644.4","3,839.1","3,853.4","3,911.5","3,693.8","3,749.6","3,827.8","3,845.4","3,662.1","3,679.1","3,715.4","3,634.1","3,694.9","3,694.8","3,777.1","3,917.5","4,077.1","4,171.3","4,263.5","4,374.9","4,351.6","4,291.3",4400,"4,506.5","4,514.6","4,435.8","4,512.8","4,565.2","4,716.2","4,806.1","4,753.1","4,728.9","4,580.1","4,524.3","4,654.8","4,730.3","4,790.9","4,915.1","5,041.7","5,138.5","5,172.9","5,086.3","5,078.3","5,125.6","5,195.1","5,255.8","5,308.9","5,409.1","5,497.5","5,588.8",5694,"5,685.2","5,643.5",5614,"5,646.9","5,704.9","5,758.8","5,800.7","5,802.1",5618,"5,622.8","5,686.1","5,725.9","5,742.5"
SMU44000000000000001,Rhode Island,243.7,251.5,298.3,318.8,317.4,300.3,279,287.1,298,299.5,281.1,298.6,308.1,304.1,304.3,290.5,295,296.1,285,276.8,287,291.8,291.6,298.3,298,303.8,316.3,329.9,338.3,343,346.4,344,342.8,358.1,365.9,367,349.2,366.7,381.7,395.8,399.9,398.3,401.4,390.5,396.4,416.4,429.2,442.6,451.9,459.4,461.9,454,424.1,424.2,430,434.2,438.9,440.7,450,458,465.5,476.7,478.4,479.4,484.3,488.5,491,492.9,491.8,481,459.4,458,460.5,465.4,470.8
SMU45000000000000001,South Carolina,310.1,328.6,387.5,416.5,428.5,408.6,396,411.6,436.2,456.4,443.1,461.4,505.8,544.3,543.9,519.7,533,542.9,545,545.9,566.9,582.5,587,609.8,630.6,651.5,686,734.9,754.5,782.9,819.8,842,862.6,920.3,984,"1,015.8",982.6,"1,038.1","1,081.7","1,137.5",1176,"1,188.8","1,196.5","1,162.3",1189,"1,262.5","1,296.2",1338,"1,392.2",1449,"1,499.7","1,536.6","1,506.1","1,521.7","1,564.2","1,601.3","1,640.8","1,672.2","1,717.4","1,780.6",1828,"1,856.7","1,819.9","1,801.1","1,804.2",1830,"1,863.5","1,903.8","1,942.1","1,923.4","1,810.6","1,806.6","1,826.8","1,859.1","1,896.6"
SMU46000000000000001,South Dakota,85.9,89,92.5,100.7,94.8,92.9,94.9,101.4,110.8,116.5,117.7,120.1,121.6,123.9,126.1,127,129.8,134.4,133,134.3,139.2,142.8,148,154,152.7,152.3,155.6,160.1,163.9,167.9,173,175.4,179,189.9,199.1,206.6,209.3,218.6,226.6,236.6,241.3,238,236.1,230.2,235.3,247,249.4,251.9,256.9,266.1,276,288.5,296,307.8,317.7,330.6,341.9,347,353,360.2,370.2,377.9,378.7,377.5,378.4,383.7,390.1,398.6,406.5,411.4,403.7,403.2,407.5,414,417.1
SMU47000000000000001,Tennessee,475.3,494.1,568.8,626.6,683.1,708,682,676.4,716.8,753.8,722.1,759.3,805.9,826.5,852.6,842.2,867.6,886.7,886.8,875.1,907,925.4,934,969.4,"1,002.5","1,045.5","1,108.5","1,184.4","1,218.8",1264,"1,309.8","1,327.6","1,356.8","1,450.1","1,531.2","1,558.2","1,505.8","1,575.4","1,648.1",1737,"1,777.3","1,746.6","1,755.4","1,703.1",1719,"1,812.1","1,867.8","1,929.8","2,011.7","2,092.1","2,167.2",2196,"2,185.9","2,247.7","2,331.3",2426,"2,502.6","2,537.3","2,587.7","2,642.4","2,689.4","2,732.9","2,688.3","2,664.4","2,662.7","2,706.1","2,743.1","2,782.7","2,797.4","2,774.8","2,619.8","2,615.4","2,661.4",2714,"2,749.7"
SMU48000000000000001,Texas,"1,075.7","1,126.2","1,275.7","1,481.8","1,664.4","1,638.8","1,579.1","1,631.2","1,742.8","1,849.5","1,840.9","1,921.4","2,103.5","2,201.8","2,224.7","2,199.5","2,291.2","2,396.1","2,450.2","2,441.8","2,517.5","2,539.5","2,549.5","2,631.2","2,706.5",2808,"2,932.4","3,108.7","3,259.3","3,424.3","3,597.1",3625,"3,683.5","3,884.4","4,141.7","4,360.3","4,462.9","4,683.7","4,906.8","5,271.6","5,601.8","5,851.3",6180,"6,263.4","6,193.6","6,492.3","6,663.1","6,564.2","6,516.9","6,677.8",6840,"7,098.9","7,177.3","7,272.8","7,485.5","7,755.6","8,027.3","8,260.3","8,610.9","8,940.5","9,157.3","9,428.9","9,510.9","9,412.7","9,366.9","9,494.2","9,737.5","10,063.5","10,392.7","10,606.3","10,304.2","10,336.9","10,567.5",10875,"11,190.2"
SMU49000000000000001,Utah,110,115.1,131.9,170.9,189.4,173.1,168.9,168.5,178.1,183.5,183.6,189.1,207.4,214.4,217.2,211.8,223.9,234.1,240.4,240.6,251.7,263.1,272.1,286.1,293.7,293.2,299.8,317.4,326.6,335.1,348.2,356.9,369.3,393,414.8,434.1,440.3,462.8,488.7,525.4,548.4,550.8,558,560.9,567,601.2,624.4,634.1,640,660,691.1,723.6,745.3,768.7,809.8,859.7,907.6,954.4,993.5,"1,023.2","1,048.5","1,075.4","1,081.3","1,073.4","1,074.1","1,104.3",1148,"1,203.7","1,253.3","1,252.5","1,188.8","1,182.5","1,207.7","1,250.4","1,289.9"
SMU50000000000000001,Vermont,74.8,78,87.9,91.5,90.7,90.9,90.6,96.3,99,98.9,95.2,96.9,99.8,99.7,103.5,101.6,102.1,106,106,103.9,107.4,107.9,107.3,110.5,111.5,113.7,121.3,130.8,136.3,140.3,145.5,147.9,148.1,153.6,161.3,162.8,162,168.4,178.4,190.6,197.9,200.1,204.3,202.9,206.4,214.9,224.8,234.4,245.6,256.1,261.8,257.7,249.1,251.2,257.4,263.9,270.2,275.1,279.4,285,291.6,298.7,302.1,299.3,299.2,303,305.5,307.7,308.4,307.2,297.2,297.9,300.5,304.3,306
SMU51000000000000001,Virginia,539.8,573.7,677.3,785.2,788,748.7,728.3,745.5,772.1,785.9,775.5,805.4,869.4,898.2,903.3,880.3,912,955.5,971.9,967.1,"1,000.5","1,017.5","1,034.9","1,081.8","1,123.7",1163,"1,218.9","1,285.3","1,330.2",1385,"1,436.4","1,518.9","1,567.1","1,655.5","1,753.1","1,804.6","1,778.6","1,848.1","1,930.4","2,033.5",2115,2157,"2,160.8","2,146.4","2,206.9","2,333.3","2,454.7","2,557.7","2,680.4","2,772.5","2,861.9","2,894.4","2,829.5","2,849.4","2,920.3","3,005.3","3,071.8","3,138.3","3,234.7","3,323.2",3416,"3,520.5","3,523.5",3501,3504,3590,"3,670.3","3,735.6","3,772.8","3,775.5","3,653.2","3,649.3","3,695.1","3,736.9","3,763.9"
SMU53000000000000001,Washington,430.9,465.5,540.2,660.1,735.5,772.2,706.5,649.4,670.9,685.5,671.5,683.8,734.8,745.8,748.7,741.4,768,784.8,803.3,789.6,812.7,812.6,818.5,856.6,850.6,854.8,896.5,988.5,"1,045.3","1,099.3","1,120.2","1,079.3","1,064.4","1,100.1","1,152.2","1,199.1","1,225.7","1,282.9","1,366.9","1,485.4","1,581.2","1,608.3",1612,"1,568.6","1,586.2","1,659.6","1,710.4","1,769.9","1,851.8","1,941.9","2,048.2","2,147.5","2,181.9",2227,"2,266.5","2,315.9","2,360.5","2,430.1","2,535.5","2,620.7","2,678.4","2,744.9",2734,"2,692.7","2,700.5","2,738.4",2811,2893,"2,967.8","2,993.9","2,863.4","2,837.1","2,873.4","2,921.7",2987
SMU54000000000000001,West Virginia,373.4,399.5,438.6,473.7,466.7,458.9,460.8,482.8,519.6,550.9,523.1,524.3,537.5,526.4,513.1,475.4,480.5,502.3,508.5,470.3,465.1,460.1,448.1,447.5,449.9,460.9,476.6,495.2,503.6,508.4,512.3,516.5,520,540.5,561.6,572.4,574.7,596.3,611.5,633.1,658.6,645.9,628.5,607.8,582.4,596.6,597.2,597.5,599,609.8,614.7,629.7,628.4,639.3,651.9,673.9,687.3,698,707.3,718.5,725.3,735.1,734.6,732.4,726.9,737.1,745.8,756.3,757.8,762.4,745.9,747.5,755,765.1,763.1
SMU55000000000000001,Wisconsin,666.8,694.6,776.1,845.2,886.8,901.8,896.5,928.9,985.9,"1,014.7",986.8,"1,022.1","1,071.2",1080,"1,097.3","1,069.6","1,108.1","1,146.9",1152,"1,114.9",1166,"1,191.9","1,179.9","1,207.2","1,233.5","1,270.9","1,331.7","1,394.1","1,430.5","1,472.1","1,525.1","1,530.4","1,525.4","1,580.8","1,660.5","1,703.4","1,676.8","1,725.9","1,798.9",1887,"1,960.2","1,938.1","1,923.2","1,866.7","1,867.3","1,949.2","1,983.1","2,023.9","2,089.6","2,168.5","2,236.4","2,291.5","2,302.1","2,357.9","2,412.7","2,490.7","2,558.6","2,600.6","2,655.8",2718,2784,"2,833.8","2,813.9",2782,"2,773.8","2,804.5","2,838.3","2,861.5","2,878.3",2871,"2,744.1","2,728.7","2,758.6","2,789.4","2,818.1"
SMU56000000000000001,Wyoming,54.3,55.6,60.6,62.9,64.8,65,65,67.3,73.1,79.3,78.7,80.2,82.9,85.7,87.2,85.4,85.5,87.3,88,88.3,92.3,96.5,96.4,95.6,96.2,97.2,96.7,97.2,99,102.9,107,108.4,111.1,117.3,126.1,136.5,146,156.6,170.6,187.4,200.7,210.2,223.5,217.7,202.5,204.3,206.9,196.3,183.1,189,192.8,198.5,203.1,205.6,210.4,216.9,219.4,221.2,224.6,228.3,233.1,239.4,245.4,247.9,250,255.4,263.9,277.3,288.8,297.5,285.2,281.8,286.2,289.4,290.5